module,class_name,node_id,iso_class,iso_node_id
nodes_ace,TextEncodeAceStepAudio,TextEncodeAceStepAudio,TextEncodeAceStepAudio_ISO,TextEncodeAceStepAudio_ISO
nodes_ace,EmptyAceStepLatentAudio,EmptyAceStepLatentAudio,EmptyAceStepLatentAudio_ISO,EmptyAceStepLatentAudio_ISO
nodes_advanced_samplers,SamplerLCMUpscale,SamplerLCMUpscale,SamplerLCMUpscale_ISO,SamplerLCMUpscale_ISO
nodes_advanced_samplers,SamplerEulerCFGpp,SamplerEulerCFGpp,SamplerEulerCFGpp_ISO,SamplerEulerCFGpp_ISO
nodes_align_your_steps,AlignYourStepsScheduler,AlignYourStepsScheduler,AlignYourStepsScheduler_ISO,AlignYourStepsScheduler_ISO
nodes_apg,APG,APG,APG_ISO,APG_ISO
nodes_attention_multiply,UNetSelfAttentionMultiply,UNetSelfAttentionMultiply,UNetSelfAttentionMultiply_ISO,UNetSelfAttentionMultiply_ISO
nodes_attention_multiply,UNetCrossAttentionMultiply,UNetCrossAttentionMultiply,UNetCrossAttentionMultiply_ISO,UNetCrossAttentionMultiply_ISO
nodes_attention_multiply,CLIPAttentionMultiply,CLIPAttentionMultiply,CLIPAttentionMultiply_ISO,CLIPAttentionMultiply_ISO
nodes_attention_multiply,UNetTemporalAttentionMultiply,UNetTemporalAttentionMultiply,UNetTemporalAttentionMultiply_ISO,UNetTemporalAttentionMultiply_ISO
nodes_audio_encoder,AudioEncoderLoader,AudioEncoderLoader,AudioEncoderLoader_ISO,AudioEncoderLoader_ISO
nodes_audio_encoder,AudioEncoderEncode,AudioEncoderEncode,AudioEncoderEncode_ISO,AudioEncoderEncode_ISO
nodes_camera_trajectory,WanCameraEmbedding,WanCameraEmbedding,WanCameraEmbedding_ISO,WanCameraEmbedding_ISO
nodes_canny,Canny,Canny,Canny_ISO,Canny_ISO
nodes_cfg,CFGZeroStar,CFGZeroStar,CFGZeroStar_ISO,CFGZeroStar_ISO
nodes_cfg,CFGNorm,CFGNorm,CFGNorm_ISO,CFGNorm_ISO
nodes_chroma_radiance,EmptyChromaRadianceLatentImage,EmptyChromaRadianceLatentImage,EmptyChromaRadianceLatentImage_ISO,EmptyChromaRadianceLatentImage_ISO
nodes_chroma_radiance,ChromaRadianceOptions,ChromaRadianceOptions,ChromaRadianceOptions_ISO,ChromaRadianceOptions_ISO
nodes_clip_sdxl,CLIPTextEncodeSDXLRefiner,CLIPTextEncodeSDXLRefiner,CLIPTextEncodeSDXLRefiner_ISO,CLIPTextEncodeSDXLRefiner_ISO
nodes_clip_sdxl,CLIPTextEncodeSDXL,CLIPTextEncodeSDXL,CLIPTextEncodeSDXL_ISO,CLIPTextEncodeSDXL_ISO
nodes_compositing,PorterDuffImageComposite,PorterDuffImageComposite,PorterDuffImageComposite_ISO,PorterDuffImageComposite_ISO
nodes_compositing,SplitImageWithAlpha,SplitImageWithAlpha,SplitImageWithAlpha_ISO,SplitImageWithAlpha_ISO
nodes_compositing,JoinImageWithAlpha,JoinImageWithAlpha,JoinImageWithAlpha_ISO,JoinImageWithAlpha_ISO
nodes_cond,CLIPTextEncodeControlnet,CLIPTextEncodeControlnet,CLIPTextEncodeControlnet_ISO,CLIPTextEncodeControlnet_ISO
nodes_cond,T5TokenizerOptions,T5TokenizerOptions,T5TokenizerOptions_ISO,T5TokenizerOptions_ISO
nodes_context_windows,ContextWindowsManualNode,ContextWindowsManual,ContextWindowsManualNode_ISO,ContextWindowsManual_ISO
nodes_context_windows,WanContextWindowsManualNode,WanContextWindowsManualNode,WanContextWindowsManualNode_ISO,WanContextWindowsManualNode_ISO
nodes_controlnet,SetUnionControlNetType,SetUnionControlNetType,SetUnionControlNetType_ISO,SetUnionControlNetType_ISO
nodes_controlnet,ControlNetInpaintingAliMamaApply,ControlNetInpaintingAliMamaApply,ControlNetInpaintingAliMamaApply_ISO,ControlNetInpaintingAliMamaApply_ISO
nodes_cosmos,EmptyCosmosLatentVideo,EmptyCosmosLatentVideo,EmptyCosmosLatentVideo_ISO,EmptyCosmosLatentVideo_ISO
nodes_cosmos,CosmosImageToVideoLatent,CosmosImageToVideoLatent,CosmosImageToVideoLatent_ISO,CosmosImageToVideoLatent_ISO
nodes_cosmos,CosmosPredict2ImageToVideoLatent,CosmosPredict2ImageToVideoLatent,CosmosPredict2ImageToVideoLatent_ISO,CosmosPredict2ImageToVideoLatent_ISO
nodes_custom_sampler,BasicScheduler,BasicScheduler,BasicScheduler_ISO,BasicScheduler_ISO
nodes_custom_sampler,KarrasScheduler,KarrasScheduler,KarrasScheduler_ISO,KarrasScheduler_ISO
nodes_custom_sampler,ExponentialScheduler,ExponentialScheduler,ExponentialScheduler_ISO,ExponentialScheduler_ISO
nodes_custom_sampler,PolyexponentialScheduler,PolyexponentialScheduler,PolyexponentialScheduler_ISO,PolyexponentialScheduler_ISO
nodes_custom_sampler,LaplaceScheduler,LaplaceScheduler,LaplaceScheduler_ISO,LaplaceScheduler_ISO
nodes_custom_sampler,SDTurboScheduler,SDTurboScheduler,SDTurboScheduler_ISO,SDTurboScheduler_ISO
nodes_custom_sampler,BetaSamplingScheduler,BetaSamplingScheduler,BetaSamplingScheduler_ISO,BetaSamplingScheduler_ISO
nodes_custom_sampler,VPScheduler,VPScheduler,VPScheduler_ISO,VPScheduler_ISO
nodes_custom_sampler,SplitSigmas,SplitSigmas,SplitSigmas_ISO,SplitSigmas_ISO
nodes_custom_sampler,SplitSigmasDenoise,SplitSigmasDenoise,SplitSigmasDenoise_ISO,SplitSigmasDenoise_ISO
nodes_custom_sampler,FlipSigmas,FlipSigmas,FlipSigmas_ISO,FlipSigmas_ISO
nodes_custom_sampler,SetFirstSigma,SetFirstSigma,SetFirstSigma_ISO,SetFirstSigma_ISO
nodes_custom_sampler,ExtendIntermediateSigmas,ExtendIntermediateSigmas,ExtendIntermediateSigmas_ISO,ExtendIntermediateSigmas_ISO
nodes_custom_sampler,SamplingPercentToSigma,SamplingPercentToSigma,SamplingPercentToSigma_ISO,SamplingPercentToSigma_ISO
nodes_custom_sampler,KSamplerSelect,KSamplerSelect,KSamplerSelect_ISO,KSamplerSelect_ISO
nodes_custom_sampler,SamplerDPMPP_3M_SDE,SamplerDPMPP_3M_SDE,SamplerDPMPP_3M_SDE_ISO,SamplerDPMPP_3M_SDE_ISO
nodes_custom_sampler,SamplerDPMPP_2M_SDE,SamplerDPMPP_2M_SDE,SamplerDPMPP_2M_SDE_ISO,SamplerDPMPP_2M_SDE_ISO
nodes_custom_sampler,SamplerDPMPP_SDE,SamplerDPMPP_SDE,SamplerDPMPP_SDE_ISO,SamplerDPMPP_SDE_ISO
nodes_custom_sampler,SamplerDPMPP_2S_Ancestral,SamplerDPMPP_2S_Ancestral,SamplerDPMPP_2S_Ancestral_ISO,SamplerDPMPP_2S_Ancestral_ISO
nodes_custom_sampler,SamplerEulerAncestral,SamplerEulerAncestral,SamplerEulerAncestral_ISO,SamplerEulerAncestral_ISO
nodes_custom_sampler,SamplerEulerAncestralCFGPP,SamplerEulerAncestralCFGPP,SamplerEulerAncestralCFGPP_ISO,SamplerEulerAncestralCFGPP_ISO
nodes_custom_sampler,SamplerLMS,SamplerLMS,SamplerLMS_ISO,SamplerLMS_ISO
nodes_custom_sampler,SamplerDPMAdaptative,SamplerDPMAdaptative,SamplerDPMAdaptative_ISO,SamplerDPMAdaptative_ISO
nodes_custom_sampler,SamplerER_SDE,SamplerER_SDE,SamplerER_SDE_ISO,SamplerER_SDE_ISO
nodes_custom_sampler,SamplerSASolver,SamplerSASolver,SamplerSASolver_ISO,SamplerSASolver_ISO
nodes_custom_sampler,SamplerCustom,SamplerCustom,SamplerCustom_ISO,SamplerCustom_ISO
nodes_custom_sampler,BasicGuider,BasicGuider,BasicGuider_ISO,BasicGuider_ISO
nodes_custom_sampler,CFGGuider,CFGGuider,CFGGuider_ISO,CFGGuider_ISO
nodes_custom_sampler,DualCFGGuider,DualCFGGuider,DualCFGGuider_ISO,DualCFGGuider_ISO
nodes_custom_sampler,DisableNoise,DisableNoise,DisableNoise_ISO,DisableNoise_ISO
nodes_custom_sampler,RandomNoise,RandomNoise,RandomNoise_ISO,RandomNoise_ISO
nodes_custom_sampler,SamplerCustomAdvanced,SamplerCustomAdvanced,SamplerCustomAdvanced_ISO,SamplerCustomAdvanced_ISO
nodes_custom_sampler,AddNoise,AddNoise,AddNoise_ISO,AddNoise_ISO
nodes_dataset,LoadImageDataSetFromFolderNode,LoadImageDataSetFromFolder,LoadImageDataSetFromFolderNode_ISO,LoadImageDataSetFromFolder_ISO
nodes_dataset,LoadImageTextDataSetFromFolderNode,LoadImageTextDataSetFromFolder,LoadImageTextDataSetFromFolderNode_ISO,LoadImageTextDataSetFromFolder_ISO
nodes_dataset,SaveImageDataSetToFolderNode,SaveImageDataSetToFolder,SaveImageDataSetToFolderNode_ISO,SaveImageDataSetToFolder_ISO
nodes_dataset,SaveImageTextDataSetToFolderNode,SaveImageTextDataSetToFolder,SaveImageTextDataSetToFolderNode_ISO,SaveImageTextDataSetToFolder_ISO
nodes_dataset,ImageProcessingNode,ImageProcessingNode,ImageProcessingNode_ISO,ImageProcessingNode_ISO
nodes_dataset,TextProcessingNode,TextProcessingNode,TextProcessingNode_ISO,TextProcessingNode_ISO
nodes_dataset,ShuffleImageTextDatasetNode,ShuffleImageTextDataset,ShuffleImageTextDatasetNode_ISO,ShuffleImageTextDataset_ISO
nodes_dataset,MakeTrainingDataset,MakeTrainingDataset,MakeTrainingDataset_ISO,MakeTrainingDataset_ISO
nodes_dataset,SaveTrainingDataset,SaveTrainingDataset,SaveTrainingDataset_ISO,SaveTrainingDataset_ISO
nodes_dataset,LoadTrainingDataset,LoadTrainingDataset,LoadTrainingDataset_ISO,LoadTrainingDataset_ISO
nodes_differential_diffusion,DifferentialDiffusion,DifferentialDiffusion,DifferentialDiffusion_ISO,DifferentialDiffusion_ISO
nodes_easycache,EasyCacheNode,EasyCache,EasyCacheNode_ISO,EasyCache_ISO
nodes_easycache,LazyCacheNode,LazyCache,LazyCacheNode_ISO,LazyCache_ISO
nodes_edit_model,ReferenceLatent,ReferenceLatent,ReferenceLatent_ISO,ReferenceLatent_ISO
nodes_eps,EpsilonScaling,Epsilon Scaling,EpsilonScaling_ISO,Epsilon Scaling_ISO
nodes_eps,TemporalScoreRescaling,TemporalScoreRescaling,TemporalScoreRescaling_ISO,TemporalScoreRescaling_ISO
nodes_flux,CLIPTextEncodeFlux,CLIPTextEncodeFlux,CLIPTextEncodeFlux_ISO,CLIPTextEncodeFlux_ISO
nodes_flux,EmptyFlux2LatentImage,EmptyFlux2LatentImage,EmptyFlux2LatentImage_ISO,EmptyFlux2LatentImage_ISO
nodes_flux,FluxGuidance,FluxGuidance,FluxGuidance_ISO,FluxGuidance_ISO
nodes_flux,FluxDisableGuidance,FluxDisableGuidance,FluxDisableGuidance_ISO,FluxDisableGuidance_ISO
nodes_flux,FluxKontextImageScale,FluxKontextImageScale,FluxKontextImageScale_ISO,FluxKontextImageScale_ISO
nodes_flux,FluxKontextMultiReferenceLatentMethod,FluxKontextMultiReferenceLatentMethod,FluxKontextMultiReferenceLatentMethod_ISO,FluxKontextMultiReferenceLatentMethod_ISO
nodes_flux,Flux2Scheduler,Flux2Scheduler,Flux2Scheduler_ISO,Flux2Scheduler_ISO
nodes_fresca,FreSca,FreSca,FreSca_ISO,FreSca_ISO
nodes_gits,GITSScheduler,GITSScheduler,GITSScheduler_ISO,GITSScheduler_ISO
nodes_hidream,QuadrupleCLIPLoader,QuadrupleCLIPLoader,QuadrupleCLIPLoader_ISO,QuadrupleCLIPLoader_ISO
nodes_hidream,CLIPTextEncodeHiDream,CLIPTextEncodeHiDream,CLIPTextEncodeHiDream_ISO,CLIPTextEncodeHiDream_ISO
nodes_hunyuan,CLIPTextEncodeHunyuanDiT,CLIPTextEncodeHunyuanDiT,CLIPTextEncodeHunyuanDiT_ISO,CLIPTextEncodeHunyuanDiT_ISO
nodes_hunyuan,EmptyHunyuanLatentVideo,EmptyHunyuanLatentVideo,EmptyHunyuanLatentVideo_ISO,EmptyHunyuanLatentVideo_ISO
nodes_hunyuan,EmptyHunyuanVideo15Latent,EmptyHunyuanVideo15Latent,EmptyHunyuanVideo15Latent_ISO,EmptyHunyuanVideo15Latent_ISO
nodes_hunyuan,HunyuanVideo15ImageToVideo,HunyuanVideo15ImageToVideo,HunyuanVideo15ImageToVideo_ISO,HunyuanVideo15ImageToVideo_ISO
nodes_hunyuan,HunyuanVideo15SuperResolution,HunyuanVideo15SuperResolution,HunyuanVideo15SuperResolution_ISO,HunyuanVideo15SuperResolution_ISO
nodes_hunyuan,LatentUpscaleModelLoader,LatentUpscaleModelLoader,LatentUpscaleModelLoader_ISO,LatentUpscaleModelLoader_ISO
nodes_hunyuan,HunyuanVideo15LatentUpscaleWithModel,HunyuanVideo15LatentUpscaleWithModel,HunyuanVideo15LatentUpscaleWithModel_ISO,HunyuanVideo15LatentUpscaleWithModel_ISO
nodes_hunyuan,TextEncodeHunyuanVideo_ImageToVideo,TextEncodeHunyuanVideo_ImageToVideo,TextEncodeHunyuanVideo_ImageToVideo_ISO,TextEncodeHunyuanVideo_ImageToVideo_ISO
nodes_hunyuan,HunyuanImageToVideo,HunyuanImageToVideo,HunyuanImageToVideo_ISO,HunyuanImageToVideo_ISO
nodes_hunyuan,EmptyHunyuanImageLatent,EmptyHunyuanImageLatent,EmptyHunyuanImageLatent_ISO,EmptyHunyuanImageLatent_ISO
nodes_hunyuan,HunyuanRefinerLatent,HunyuanRefinerLatent,HunyuanRefinerLatent_ISO,HunyuanRefinerLatent_ISO
nodes_hunyuan3d,EmptyLatentHunyuan3Dv2,EmptyLatentHunyuan3Dv2,EmptyLatentHunyuan3Dv2_ISO,EmptyLatentHunyuan3Dv2_ISO
nodes_hunyuan3d,Hunyuan3Dv2Conditioning,Hunyuan3Dv2Conditioning,Hunyuan3Dv2Conditioning_ISO,Hunyuan3Dv2Conditioning_ISO
nodes_hunyuan3d,Hunyuan3Dv2ConditioningMultiView,Hunyuan3Dv2ConditioningMultiView,Hunyuan3Dv2ConditioningMultiView_ISO,Hunyuan3Dv2ConditioningMultiView_ISO
nodes_hunyuan3d,VAEDecodeHunyuan3D,VAEDecodeHunyuan3D,VAEDecodeHunyuan3D_ISO,VAEDecodeHunyuan3D_ISO
nodes_hunyuan3d,VoxelToMeshBasic,VoxelToMeshBasic,VoxelToMeshBasic_ISO,VoxelToMeshBasic_ISO
nodes_hunyuan3d,VoxelToMesh,VoxelToMesh,VoxelToMesh_ISO,VoxelToMesh_ISO
nodes_hunyuan3d,SaveGLB,SaveGLB,SaveGLB_ISO,SaveGLB_ISO
nodes_hypernetwork,HypernetworkLoader,HypernetworkLoader,HypernetworkLoader_ISO,HypernetworkLoader_ISO
nodes_hypertile,HyperTile,HyperTile,HyperTile_ISO,HyperTile_ISO
nodes_ip2p,InstructPixToPixConditioning,InstructPixToPixConditioning,InstructPixToPixConditioning_ISO,InstructPixToPixConditioning_ISO
nodes_latent,LatentAdd,LatentAdd,LatentAdd_ISO,LatentAdd_ISO
nodes_latent,LatentSubtract,LatentSubtract,LatentSubtract_ISO,LatentSubtract_ISO
nodes_latent,LatentMultiply,LatentMultiply,LatentMultiply_ISO,LatentMultiply_ISO
nodes_latent,LatentInterpolate,LatentInterpolate,LatentInterpolate_ISO,LatentInterpolate_ISO
nodes_latent,LatentConcat,LatentConcat,LatentConcat_ISO,LatentConcat_ISO
nodes_latent,LatentCut,LatentCut,LatentCut_ISO,LatentCut_ISO
nodes_latent,LatentBatch,LatentBatch,LatentBatch_ISO,LatentBatch_ISO
nodes_latent,LatentBatchSeedBehavior,LatentBatchSeedBehavior,LatentBatchSeedBehavior_ISO,LatentBatchSeedBehavior_ISO
nodes_latent,LatentApplyOperation,LatentApplyOperation,LatentApplyOperation_ISO,LatentApplyOperation_ISO
nodes_latent,LatentApplyOperationCFG,LatentApplyOperationCFG,LatentApplyOperationCFG_ISO,LatentApplyOperationCFG_ISO
nodes_latent,LatentOperationTonemapReinhard,LatentOperationTonemapReinhard,LatentOperationTonemapReinhard_ISO,LatentOperationTonemapReinhard_ISO
nodes_latent,LatentOperationSharpen,LatentOperationSharpen,LatentOperationSharpen_ISO,LatentOperationSharpen_ISO
nodes_logic,SwitchNode,ComfySwitchNode,SwitchNode_ISO,ComfySwitchNode_ISO
nodes_logic,DCTestNode,DCTestNode,DCTestNode_ISO,DCTestNode_ISO
nodes_logic,AutogrowNamesTestNode,AutogrowNamesTestNode,AutogrowNamesTestNode_ISO,AutogrowNamesTestNode_ISO
nodes_logic,AutogrowPrefixTestNode,AutogrowPrefixTestNode,AutogrowPrefixTestNode_ISO,AutogrowPrefixTestNode_ISO
nodes_lora_extract,LoraSave,LoraSave,LoraSave_ISO,LoraSave_ISO
nodes_lotus,LotusConditioning,LotusConditioning,LotusConditioning_ISO,LotusConditioning_ISO
nodes_lt,EmptyLTXVLatentVideo,EmptyLTXVLatentVideo,EmptyLTXVLatentVideo_ISO,EmptyLTXVLatentVideo_ISO
nodes_lt,LTXVImgToVideo,LTXVImgToVideo,LTXVImgToVideo_ISO,LTXVImgToVideo_ISO
nodes_lt,LTXVAddGuide,LTXVAddGuide,LTXVAddGuide_ISO,LTXVAddGuide_ISO
nodes_lt,LTXVCropGuides,LTXVCropGuides,LTXVCropGuides_ISO,LTXVCropGuides_ISO
nodes_lt,LTXVConditioning,LTXVConditioning,LTXVConditioning_ISO,LTXVConditioning_ISO
nodes_lt,ModelSamplingLTXV,ModelSamplingLTXV,ModelSamplingLTXV_ISO,ModelSamplingLTXV_ISO
nodes_lt,LTXVScheduler,LTXVScheduler,LTXVScheduler_ISO,LTXVScheduler_ISO
nodes_lt,LTXVPreprocess,LTXVPreprocess,LTXVPreprocess_ISO,LTXVPreprocess_ISO
nodes_lumina2,RenormCFG,RenormCFG,RenormCFG_ISO,RenormCFG_ISO
nodes_lumina2,CLIPTextEncodeLumina2,CLIPTextEncodeLumina2,CLIPTextEncodeLumina2_ISO,CLIPTextEncodeLumina2_ISO
nodes_mahiro,Mahiro,Mahiro,Mahiro_ISO,Mahiro_ISO
nodes_mochi,EmptyMochiLatentVideo,EmptyMochiLatentVideo,EmptyMochiLatentVideo_ISO,EmptyMochiLatentVideo_ISO
nodes_model_downscale,PatchModelAddDownscale,PatchModelAddDownscale,PatchModelAddDownscale_ISO,PatchModelAddDownscale_ISO
nodes_morphology,Morphology,Morphology,Morphology_ISO,Morphology_ISO
nodes_morphology,ImageRGBToYUV,ImageRGBToYUV,ImageRGBToYUV_ISO,ImageRGBToYUV_ISO
nodes_morphology,ImageYUVToRGB,ImageYUVToRGB,ImageYUVToRGB_ISO,ImageYUVToRGB_ISO
nodes_nop,wanBlockSwap,wanBlockSwap,wanBlockSwap_ISO,wanBlockSwap_ISO
nodes_optimalsteps,OptimalStepsScheduler,OptimalStepsScheduler,OptimalStepsScheduler_ISO,OptimalStepsScheduler_ISO
nodes_pag,PerturbedAttentionGuidance,PerturbedAttentionGuidance,PerturbedAttentionGuidance_ISO,PerturbedAttentionGuidance_ISO
nodes_perpneg,PerpNeg,PerpNeg,PerpNeg_ISO,PerpNeg_ISO
nodes_perpneg,PerpNegGuider,PerpNegGuider,PerpNegGuider_ISO,PerpNegGuider_ISO
nodes_photomaker,PhotoMakerLoader,PhotoMakerLoader,PhotoMakerLoader_ISO,PhotoMakerLoader_ISO
nodes_photomaker,PhotoMakerEncode,PhotoMakerEncode,PhotoMakerEncode_ISO,PhotoMakerEncode_ISO
nodes_pixart,CLIPTextEncodePixArtAlpha,CLIPTextEncodePixArtAlpha,CLIPTextEncodePixArtAlpha_ISO,CLIPTextEncodePixArtAlpha_ISO
nodes_post_processing,Blend,ImageBlend,Blend_ISO,ImageBlend_ISO
nodes_post_processing,Blur,ImageBlur,Blur_ISO,ImageBlur_ISO
nodes_post_processing,Quantize,ImageQuantize,Quantize_ISO,ImageQuantize_ISO
nodes_post_processing,Sharpen,ImageSharpen,Sharpen_ISO,ImageSharpen_ISO
nodes_post_processing,ImageScaleToTotalPixels,ImageScaleToTotalPixels,ImageScaleToTotalPixels_ISO,ImageScaleToTotalPixels_ISO
nodes_primitive,String,PrimitiveString,String_ISO,PrimitiveString_ISO
nodes_primitive,StringMultiline,PrimitiveStringMultiline,StringMultiline_ISO,PrimitiveStringMultiline_ISO
nodes_primitive,Int,PrimitiveInt,Int_ISO,PrimitiveInt_ISO
nodes_primitive,Float,PrimitiveFloat,Float_ISO,PrimitiveFloat_ISO
nodes_primitive,Boolean,PrimitiveBoolean,Boolean_ISO,PrimitiveBoolean_ISO
nodes_qwen,TextEncodeQwenImageEdit,TextEncodeQwenImageEdit,TextEncodeQwenImageEdit_ISO,TextEncodeQwenImageEdit_ISO
nodes_qwen,TextEncodeQwenImageEditPlus,TextEncodeQwenImageEditPlus,TextEncodeQwenImageEditPlus_ISO,TextEncodeQwenImageEditPlus_ISO
nodes_rebatch,LatentRebatch,RebatchLatents,LatentRebatch_ISO,RebatchLatents_ISO
nodes_rebatch,ImageRebatch,RebatchImages,ImageRebatch_ISO,RebatchImages_ISO
nodes_rope,ScaleROPE,ScaleROPE,ScaleROPE_ISO,ScaleROPE_ISO
nodes_sag,SelfAttentionGuidance,SelfAttentionGuidance,SelfAttentionGuidance_ISO,SelfAttentionGuidance_ISO
nodes_sd3,TripleCLIPLoader,TripleCLIPLoader,TripleCLIPLoader_ISO,TripleCLIPLoader_ISO
nodes_sd3,EmptySD3LatentImage,EmptySD3LatentImage,EmptySD3LatentImage_ISO,EmptySD3LatentImage_ISO
nodes_sd3,CLIPTextEncodeSD3,CLIPTextEncodeSD3,CLIPTextEncodeSD3_ISO,CLIPTextEncodeSD3_ISO
nodes_sd3,ControlNetApplySD3,ControlNetApplySD3,ControlNetApplySD3_ISO,ControlNetApplySD3_ISO
nodes_sd3,SkipLayerGuidanceSD3,SkipLayerGuidanceSD3,SkipLayerGuidanceSD3_ISO,SkipLayerGuidanceSD3_ISO
nodes_sdupscale,SD_4XUpscale_Conditioning,SD_4XUpscale_Conditioning,SD_4XUpscale_Conditioning_ISO,SD_4XUpscale_Conditioning_ISO
nodes_slg,SkipLayerGuidanceDiT,SkipLayerGuidanceDiT,SkipLayerGuidanceDiT_ISO,SkipLayerGuidanceDiT_ISO
nodes_slg,SkipLayerGuidanceDiTSimple,SkipLayerGuidanceDiTSimple,SkipLayerGuidanceDiTSimple_ISO,SkipLayerGuidanceDiTSimple_ISO
nodes_stable3d,StableZero123_Conditioning,StableZero123_Conditioning,StableZero123_Conditioning_ISO,StableZero123_Conditioning_ISO
nodes_stable3d,StableZero123_Conditioning_Batched,StableZero123_Conditioning_Batched,StableZero123_Conditioning_Batched_ISO,StableZero123_Conditioning_Batched_ISO
nodes_stable3d,SV3D_Conditioning,SV3D_Conditioning,SV3D_Conditioning_ISO,SV3D_Conditioning_ISO
nodes_stable_cascade,StableCascade_EmptyLatentImage,StableCascade_EmptyLatentImage,StableCascade_EmptyLatentImage_ISO,StableCascade_EmptyLatentImage_ISO
nodes_stable_cascade,StableCascade_StageC_VAEEncode,StableCascade_StageC_VAEEncode,StableCascade_StageC_VAEEncode_ISO,StableCascade_StageC_VAEEncode_ISO
nodes_stable_cascade,StableCascade_StageB_Conditioning,StableCascade_StageB_Conditioning,StableCascade_StageB_Conditioning_ISO,StableCascade_StageB_Conditioning_ISO
nodes_stable_cascade,StableCascade_SuperResolutionControlnet,StableCascade_SuperResolutionControlnet,StableCascade_SuperResolutionControlnet_ISO,StableCascade_SuperResolutionControlnet_ISO
nodes_string,StringConcatenate,StringConcatenate,StringConcatenate_ISO,StringConcatenate_ISO
nodes_string,StringSubstring,StringSubstring,StringSubstring_ISO,StringSubstring_ISO
nodes_string,StringLength,StringLength,StringLength_ISO,StringLength_ISO
nodes_string,CaseConverter,CaseConverter,CaseConverter_ISO,CaseConverter_ISO
nodes_string,StringTrim,StringTrim,StringTrim_ISO,StringTrim_ISO
nodes_string,StringReplace,StringReplace,StringReplace_ISO,StringReplace_ISO
nodes_string,StringContains,StringContains,StringContains_ISO,StringContains_ISO
nodes_string,StringCompare,StringCompare,StringCompare_ISO,StringCompare_ISO
nodes_string,RegexMatch,RegexMatch,RegexMatch_ISO,RegexMatch_ISO
nodes_string,RegexExtract,RegexExtract,RegexExtract_ISO,RegexExtract_ISO
nodes_string,RegexReplace,RegexReplace,RegexReplace_ISO,RegexReplace_ISO
nodes_tcfg,TCFG,TCFG,TCFG_ISO,TCFG_ISO
nodes_tomesd,TomePatchModel,TomePatchModel,TomePatchModel_ISO,TomePatchModel_ISO
nodes_torch_compile,TorchCompileModel,TorchCompileModel,TorchCompileModel_ISO,TorchCompileModel_ISO
nodes_train,TrainLoraNode,TrainLoraNode,TrainLoraNode_ISO,TrainLoraNode_ISO
nodes_train,LoraModelLoader,LoraModelLoader,LoraModelLoader_ISO,LoraModelLoader_ISO
nodes_train,SaveLoRA,SaveLoRA,SaveLoRA_ISO,SaveLoRA_ISO
nodes_train,LossGraphNode,LossGraphNode,LossGraphNode_ISO,LossGraphNode_ISO
nodes_upscale_model,UpscaleModelLoader,UpscaleModelLoader,UpscaleModelLoader_ISO,UpscaleModelLoader_ISO
nodes_upscale_model,ImageUpscaleWithModel,ImageUpscaleWithModel,ImageUpscaleWithModel_ISO,ImageUpscaleWithModel_ISO
nodes_video,SaveWEBM,SaveWEBM,SaveWEBM_ISO,SaveWEBM_ISO
nodes_video,SaveVideo,SaveVideo,SaveVideo_ISO,SaveVideo_ISO
nodes_video,CreateVideo,CreateVideo,CreateVideo_ISO,CreateVideo_ISO
nodes_video,GetVideoComponents,GetVideoComponents,GetVideoComponents_ISO,GetVideoComponents_ISO
nodes_video,LoadVideo,LoadVideo,LoadVideo_ISO,LoadVideo_ISO
nodes_wan,WanImageToVideo,WanImageToVideo,WanImageToVideo_ISO,WanImageToVideo_ISO
nodes_wan,WanFunControlToVideo,WanFunControlToVideo,WanFunControlToVideo_ISO,WanFunControlToVideo_ISO
nodes_wan,Wan22FunControlToVideo,Wan22FunControlToVideo,Wan22FunControlToVideo_ISO,Wan22FunControlToVideo_ISO
nodes_wan,WanFirstLastFrameToVideo,WanFirstLastFrameToVideo,WanFirstLastFrameToVideo_ISO,WanFirstLastFrameToVideo_ISO
nodes_wan,WanFunInpaintToVideo,WanFunInpaintToVideo,WanFunInpaintToVideo_ISO,WanFunInpaintToVideo_ISO
nodes_wan,WanVaceToVideo,WanVaceToVideo,WanVaceToVideo_ISO,WanVaceToVideo_ISO
nodes_wan,TrimVideoLatent,TrimVideoLatent,TrimVideoLatent_ISO,TrimVideoLatent_ISO
nodes_wan,WanCameraImageToVideo,WanCameraImageToVideo,WanCameraImageToVideo_ISO,WanCameraImageToVideo_ISO
nodes_wan,WanPhantomSubjectToVideo,WanPhantomSubjectToVideo,WanPhantomSubjectToVideo_ISO,WanPhantomSubjectToVideo_ISO
nodes_wan,WanTrackToVideo,WanTrackToVideo,WanTrackToVideo_ISO,WanTrackToVideo_ISO
nodes_wan,WanSoundImageToVideo,WanSoundImageToVideo,WanSoundImageToVideo_ISO,WanSoundImageToVideo_ISO
nodes_wan,WanSoundImageToVideoExtend,WanSoundImageToVideoExtend,WanSoundImageToVideoExtend_ISO,WanSoundImageToVideoExtend_ISO
nodes_wan,WanHuMoImageToVideo,WanHuMoImageToVideo,WanHuMoImageToVideo_ISO,WanHuMoImageToVideo_ISO
nodes_wan,WanAnimateToVideo,WanAnimateToVideo,WanAnimateToVideo_ISO,WanAnimateToVideo_ISO
nodes_wan,Wan22ImageToVideoLatent,Wan22ImageToVideoLatent,Wan22ImageToVideoLatent_ISO,Wan22ImageToVideoLatent_ISO
